{"dataset_info": {"total_objects": 1577, "failed_objects": 0, "total_voxels": 413401088}, "material_distribution": {"-1": {"count": 246700, "percentage": 0.05967570167594721}, "0": {"count": 23403291, "percentage": 5.661158540540658}, "1": {"count": 18155441, "percentage": 4.39172550024832}, "2": {"count": 4251952, "percentage": 1.0285294653119055}, "3": {"count": 494, "percentage": 0.00011949654085090362}, "4": {"count": 62776, "percentage": 0.015185252729668674}, "5": {"count": 4049178, "percentage": 0.9794792799384215}, "6": {"count": 2882975, "percentage": 0.6973796353433883}, "7": {"count": 360348281, "percentage": 87.16674712767085}}, "raw_ranges": {"density": {"min": 0.0, "max": 7919.525390625}, "youngs_modulus": {"min": 0.0, "max": 207151890432.0}, "poisson_ratio": {"min": 0.0, "max": 0.546366274356842}}, "log_ranges": {"density": {"min": -6.000000476837158, "max": 3.8986992835998535, "p1": 1.7031893730163574, "p99": 3.871432304382324}, "youngs_modulus": {"min": -6.000000476837158, "max": 11.316288948059082, "p1": 3.0183002948760986, "p99": 10.881680488586426}}, "poisson_percentiles": {"p01": 0.21027633547782898, "p05": 0.21027633547782898, "p10": 0.26458939909935, "p25": 0.3041105270385742, "p50": 0.3102763295173645, "p75": 0.39688411355018616, "p90": 0.43013817071914673, "p95": 0.4418972432613373, "p99": 0.4492689371109009}, "normalization_ranges": {"density_p1": 1.7031893730163574, "density_p99": 3.871432304382324, "E_p1": 3.0183002948760986, "E_p99": 10.881680488586426, "nu_p1": 0.21027633547782898, "nu_p99": 0.4492689371109009}}